Site,Time,Resp
1,2020-02-29 11:59:43,4.05057170361062
1,2020-02-29 12:30:37,1.33177595272878
1,2020-02-29 12:59:28,2.85131186500223
1,2020-02-29 13:30:13,4.46254025202941
1,2020-02-29 13:59:39,4.0773051405429
1,2020-02-29 14:30:08,2.48831072970569
1,2020-02-29 15:00:11,2.40287131215704
1,2020-02-29 15:29:45,2.75274050625708
1,2020-02-29 16:00:00,3.60521840813494
1,2020-02-29 16:30:30,2.95457791171676
1,2020-02-29 16:59:39,1.71928118537598
1,2020-02-29 17:29:43,1.05505172524381
1,2020-02-29 18:00:04,3.84649284440032
1,2020-02-29 18:30:43,1.69716588802485
1,2020-02-29 19:00:21,1.41208957444313
1,2020-02-29 19:30:24,3.26796332825622
1,2020-02-29 20:00:32,5.13362095458524
1,2020-02-29 20:29:54,3.44173062940147
1,2020-02-29 20:59:28,1.41730385092153
1,2020-02-29 21:30:06,2.28367391672951
1,2020-02-29 22:01:06,0.493370743542651
1,2020-02-29 22:30:04,3.67918064438475
1,2020-02-29 22:59:43,1.78459859370393
1,2020-02-29 23:30:59,2.65283619986704
1,2020-02-29 23:59:36,3.74634983162539
1,2020-03-01 00:29:49,2.6708668709575
1,2020-03-01 00:59:44,2.84842011866684
1,2020-03-01 01:30:25,4.17938498604102
1,2020-03-01 01:59:10,5.51865458515138
1,2020-03-01 02:30:35,4.5305941023616
1,2020-03-01 02:59:39,3.64878260331646
1,2020-03-01 03:30:39,3.27971730526673
1,2020-03-01 04:00:07,2.76884054190568
1,2020-03-01 04:30:31,3.76865616429018
1,2020-03-01 05:00:19,3.55585281084251
1,2020-03-01 05:30:30,1.64923831989722
1,2020-03-01 05:59:54,3.53894648212409
1,2020-03-01 06:31:13,2.00815916742755
1,2020-03-01 07:00:01,4.32213852875187
1,2020-03-01 07:29:41,4.72217777185606
1,2020-03-01 07:59:58,2.48361980917627
1,2020-03-01 08:30:15,6.19590093152538
1,2020-03-01 09:00:53,6.29987018243842
1,2020-03-01 09:29:54,5.08205698317567
1,2020-03-01 09:59:23,3.10212921686064
1,2020-03-01 10:30:43,5.92847622620554
1,2020-03-01 11:00:26,6.10177760284006
1,2020-03-01 11:30:59,1.31783226396493
1,2020-03-01 12:00:01,3.498522781927
1,2020-03-01 12:29:57,4.9957943108198
1,2020-03-01 12:59:42,4.69379531899981
1,2020-03-01 13:29:57,3.13918863768105
1,2020-03-01 14:00:29,6.70639387927661
1,2020-03-01 14:30:18,5.81151788319173
1,2020-03-01 14:59:52,4.75923627847206
1,2020-03-01 15:30:25,5.34477220621492
1,2020-03-01 15:59:35,4.43490648245501
1,2020-03-01 16:30:29,5.40091254971
1,2020-03-01 16:59:51,3.34314867926215
1,2020-03-01 17:28:36,4.48235988244895
1,2020-03-01 18:00:32,4.01210114090901
1,2020-03-01 18:29:48,5.32488350352314
1,2020-03-01 18:59:18,4.79795998821295
1,2020-03-01 19:29:40,3.64736214512852
1,2020-03-01 19:59:35,7.00096739423939
1,2020-03-01 20:29:02,5.75127966852593
1,2020-03-01 21:00:26,6.37629388110993
1,2020-03-01 21:29:44,6.45231574312891
1,2020-03-01 22:00:11,5.78945652989512
1,2020-03-01 22:29:57,7.08405154723194
1,2020-03-01 22:59:38,5.76975032343324
1,2020-03-01 23:30:32,4.94930375732568
1,2020-03-01 23:59:29,4.76117179990376
1,2020-03-02 00:30:52,5.82029148731536
1,2020-03-02 01:00:21,5.27068456232365
1,2020-03-02 01:30:46,7.53842882236999
1,2020-03-02 02:00:16,6.40286635091046
1,2020-03-02 02:29:10,6.10752926710504
1,2020-03-02 03:00:24,6.04733914495029
1,2020-03-02 03:30:12,6.23273316400234
1,2020-03-02 04:00:11,5.69177722516691
1,2020-03-02 04:28:45,6.91543485947736
1,2020-03-02 04:59:23,5.96431838380097
1,2020-03-02 05:30:32,5.24087011064743
1,2020-03-02 05:59:37,3.7448976907101
1,2020-03-02 06:30:17,5.69129328278778
1,2020-03-02 07:00:27,5.722423214481
1,2020-03-02 07:29:26,4.35562020117142
1,2020-03-02 08:00:14,7.80801257019094
1,2020-03-02 08:29:30,6.0933298825079
1,2020-03-02 08:59:30,5.63195175282752
1,2020-03-02 09:31:17,7.9555941807717
1,2020-03-02 09:59:48,7.22324510988493
1,2020-03-02 10:30:06,6.66827701218266
1,2020-03-02 11:00:31,7.24945234456285
1,2020-03-02 11:29:56,6.54043805409295
1,2020-03-02 12:00:24,3.92427099664104
1,2020-03-02 12:30:02,4.61941665072635
1,2020-03-02 13:01:09,5.09561866758778
1,2020-03-02 13:30:20,5.36125804190322
1,2020-03-02 13:59:30,7.34399161778085
1,2020-03-02 14:31:24,6.95152880459946
1,2020-03-02 14:59:55,6.64207297778632
1,2020-03-02 15:29:24,9.26942526960021
1,2020-03-02 15:59:29,10.5126794458042
1,2020-03-02 16:30:10,7.70781997316053
1,2020-03-02 17:00:44,9.93788061017484
1,2020-03-02 17:30:16,9.13892415823316
1,2020-03-02 18:00:57,6.67086024703332
1,2020-03-02 18:30:53,4.66754009509847
1,2020-03-02 19:00:27,6.89657016938294
1,2020-03-02 19:29:41,5.63664430902849
1,2020-03-02 19:59:41,7.65702052015703
1,2020-03-02 20:30:15,8.48464547311891
1,2020-03-02 20:59:49,8.09712727174501
1,2020-03-02 21:29:58,9.95982400747516
1,2020-03-02 22:00:15,6.52445911489986
1,2020-03-02 22:30:12,10.149202813465
1,2020-03-02 23:00:04,8.30750060324603
1,2020-03-02 23:29:50,7.47771053420334
1,2020-03-03 00:00:19,8.39773463356469
1,2020-03-03 00:30:06,8.54901254981251
1,2020-03-03 01:00:13,7.33871399591697
1,2020-03-03 01:29:34,6.66717721991662
1,2020-03-03 01:59:38,9.19905496467356
1,2020-03-03 02:30:32,5.65469927203065
1,2020-03-03 03:00:22,7.99996219708831
1,2020-03-03 03:30:26,10.0180241103031
1,2020-03-03 03:59:45,11.2221657473936
1,2020-03-03 04:30:20,9.05195347386067
1,2020-03-03 04:59:38,8.40991054827651
1,2020-03-03 05:30:40,8.88159613367258
1,2020-03-03 05:59:42,8.38731096868793
1,2020-03-03 06:29:38,8.59650547819409
1,2020-03-03 06:59:53,8.87126926954631
1,2020-03-03 07:29:56,8.36146458348258
1,2020-03-03 08:00:57,7.83734669321226
1,2020-03-03 08:29:45,7.99467257023657
1,2020-03-03 09:00:13,6.65621172254108
1,2020-03-03 09:29:45,7.71990303596078
1,2020-03-03 09:59:27,10.3147855801562
1,2020-03-03 10:30:02,9.91552754148114
1,2020-03-03 10:59:55,12.7100458567454
1,2020-03-03 11:30:24,9.17823002619496
1,2020-03-03 12:00:00,9.44906064320968
2,2020-02-29 11:59:53,2.97367510826304
2,2020-02-29 12:30:11,3.12956036095769
2,2020-02-29 12:59:53,2.02234526063139
2,2020-02-29 13:29:51,4.00372528174254
2,2020-02-29 13:59:54,2.40096951500752
2,2020-02-29 14:29:59,3.20204019383704
2,2020-02-29 14:59:45,1.28326510418755
2,2020-02-29 15:28:51,2.55771469307757
2,2020-02-29 16:00:12,2.46921186730757
2,2020-02-29 16:30:16,2.3223583216317
2,2020-02-29 17:00:08,1.18273030792032
2,2020-02-29 17:30:18,2.93455570745908
2,2020-02-29 17:59:32,2.022417867181
2,2020-02-29 18:30:14,3.57244090509375
2,2020-02-29 18:59:52,3.88339901481911
2,2020-02-29 19:30:23,4.41350000929817
2,2020-02-29 19:59:29,5.09223466112249
2,2020-02-29 20:30:02,7.47987568994191
2,2020-02-29 21:00:38,3.20486405116012
2,2020-02-29 21:29:50,3.23650346103058
2,2020-02-29 22:00:39,2.67579140139417
2,2020-02-29 22:30:07,2.86143661569865
2,2020-02-29 23:00:19,3.51254698722322
2,2020-02-29 23:29:57,3.32958377277042
2,2020-02-29 23:59:45,1.31212499890475
2,2020-03-01 00:29:43,2.59363059685583
2,2020-03-01 00:59:45,6.69743513302461
2,2020-03-01 01:30:29,4.32979986988768
2,2020-03-01 02:00:22,3.2752832116299
2,2020-03-01 02:30:32,4.23495446575565
2,2020-03-01 02:59:37,5.43252240797514
2,2020-03-01 03:30:23,2.89713881567623
2,2020-03-01 04:00:37,3.64631263146495
2,2020-03-01 04:29:24,3.20822975029792
2,2020-03-01 05:00:29,2.07059764038716
2,2020-03-01 05:29:00,2.4840338700072
2,2020-03-01 06:00:20,2.91345917093458
2,2020-03-01 06:29:10,4.94583446285634
2,2020-03-01 07:00:06,4.11745436509623
2,2020-03-01 07:28:55,3.41623799630874
2,2020-03-01 07:59:25,6.78275753260049
2,2020-03-01 08:30:08,4.96209163568077
2,2020-03-01 09:00:09,6.99817958388394
2,2020-03-01 09:30:11,3.77883339005094
2,2020-03-01 10:00:14,5.90546935662903
2,2020-03-01 10:30:31,4.13537762793069
2,2020-03-01 10:59:50,2.81399705442129
2,2020-03-01 11:29:52,4.9490239776733
2,2020-03-01 12:00:09,5.07200605180114
2,2020-03-01 12:30:42,3.07962885394072
2,2020-03-01 12:59:30,5.24044867301331
2,2020-03-01 13:30:06,6.77894122974785
2,2020-03-01 13:59:57,4.99655914645093
2,2020-03-01 14:29:45,7.18765672794708
2,2020-03-01 14:59:46,6.98188716452074
2,2020-03-01 15:29:37,6.29331380753213
2,2020-03-01 16:00:17,6.12385329108572
2,2020-03-01 16:29:16,6.580613870078
2,2020-03-01 16:59:57,4.22839942546925
2,2020-03-01 17:30:14,5.28908872918857
2,2020-03-01 17:59:59,4.06494055310005
2,2020-03-01 18:29:23,3.42454722651168
2,2020-03-01 19:00:10,4.80148056832516
2,2020-03-01 19:29:04,4.01805501456398
2,2020-03-01 20:00:08,6.32701502975903
2,2020-03-01 20:30:03,6.53924692601051
2,2020-03-01 21:00:41,5.93369763731747
2,2020-03-01 21:29:51,5.92366026954058
2,2020-03-01 22:00:29,5.90573787771954
2,2020-03-01 22:30:36,4.66572210124943
2,2020-03-01 22:59:14,7.96307234282863
2,2020-03-01 23:29:54,6.01546595175869
2,2020-03-01 23:59:08,3.5230302440577
2,2020-03-02 00:30:26,4.48191085892235
2,2020-03-02 01:00:30,4.96010425929334
2,2020-03-02 01:29:57,4.99277885353927
2,2020-03-02 02:00:18,6.88569945685161
2,2020-03-02 02:29:47,7.40685895070493
2,2020-03-02 03:00:27,6.48647874286726
2,2020-03-02 03:29:33,7.31384831820323
2,2020-03-02 03:59:40,7.03378128580738
2,2020-03-02 04:29:13,6.27565270951998
2,2020-03-02 05:00:22,6.30198498122379
2,2020-03-02 05:29:42,6.05975305240451
2,2020-03-02 06:01:21,5.68763813210281
2,2020-03-02 06:29:57,5.4981461624005
2,2020-03-02 07:00:04,6.74849847797547
2,2020-03-02 07:30:04,3.85570547941212
2,2020-03-02 07:59:31,7.14830415139982
2,2020-03-02 08:30:17,6.2817644687659
2,2020-03-02 08:59:36,8.73260229718255
2,2020-03-02 09:29:24,8.55081813117524
2,2020-03-02 09:59:54,7.19137122544125
2,2020-03-02 10:29:20,6.31233323405698
2,2020-03-02 10:59:49,6.44925787315712
2,2020-03-02 11:29:30,6.69222620325468
2,2020-03-02 12:01:09,5.61529811286423
2,2020-03-02 12:28:57,5.80119292181201
2,2020-03-02 12:59:26,9.08145653686272
2,2020-03-02 13:29:28,7.56119577821884
2,2020-03-02 13:59:29,8.8518236720675
2,2020-03-02 14:31:25,6.62140915901239
2,2020-03-02 14:59:55,7.88989420593101
2,2020-03-02 15:30:09,7.71393228229792
2,2020-03-02 16:00:18,8.70125731687896
2,2020-03-02 16:29:54,9.16094032838795
2,2020-03-02 16:59:42,8.71040640022514
2,2020-03-02 17:29:49,10.078134862611
2,2020-03-02 18:00:10,7.20041402469832
2,2020-03-02 18:28:49,8.3657857886775
2,2020-03-02 19:00:24,7.52904798051528
2,2020-03-02 19:30:29,8.04450348270998
2,2020-03-02 19:59:17,7.74410460373976
2,2020-03-02 20:29:57,7.39385805777484
2,2020-03-02 20:59:50,7.33281382177988
2,2020-03-02 21:29:31,7.61567987717523
2,2020-03-02 21:59:50,9.15101461776058
2,2020-03-02 22:30:40,9.53873432224237
2,2020-03-02 22:59:39,8.96211730859492
2,2020-03-02 23:31:02,9.19414621827985
2,2020-03-02 23:59:37,7.0199314016684
2,2020-03-03 00:29:47,7.75942083652025
2,2020-03-03 00:59:30,6.33467030802413
2,2020-03-03 01:30:59,6.70765836612161
2,2020-03-03 02:00:24,9.4954596581506
2,2020-03-03 02:30:19,7.65499288556782
2,2020-03-03 03:00:23,7.37407987124734
2,2020-03-03 03:30:18,9.46076460812041
2,2020-03-03 03:59:56,10.7118305610996
2,2020-03-03 04:30:53,9.35628747738096
2,2020-03-03 04:59:50,8.83521489267943
2,2020-03-03 05:29:45,9.49271118514858
2,2020-03-03 05:59:00,7.57352531205367
2,2020-03-03 06:30:19,9.44262669364596
2,2020-03-03 07:00:44,8.29627697358551
2,2020-03-03 07:29:17,7.14274460842268
2,2020-03-03 08:00:03,7.80068126137395
2,2020-03-03 08:29:20,6.91651432887924
2,2020-03-03 09:00:13,8.6712594505205
2,2020-03-03 09:29:28,8.43172397114863
2,2020-03-03 09:59:40,11.0962263556508
2,2020-03-03 10:30:17,10.4514782596245
2,2020-03-03 11:00:31,9.67774226679136
2,2020-03-03 11:29:12,10.2212258879303
2,2020-03-03 12:00:41,9.93254965520503
3,2020-02-29 12:00:47,3.44969589108261
3,2020-02-29 12:30:12,3.10026587241829
3,2020-02-29 12:59:29,2.57443908213899
3,2020-02-29 13:30:27,3.98285418316153
3,2020-02-29 13:59:22,2.92306150683097
3,2020-02-29 14:29:59,2.80719941828622
3,2020-02-29 14:59:50,3.80242990345378
3,2020-02-29 15:30:30,2.45010284360558
3,2020-02-29 15:59:49,2.22944408821667
3,2020-02-29 16:30:07,2.16702683314489
3,2020-02-29 16:59:53,1.10518284091456
3,2020-02-29 17:29:11,2.17959932441221
3,2020-02-29 17:59:45,2.17117605733789
3,2020-02-29 18:30:01,1.49439982888092
3,2020-02-29 18:59:13,2.46877156554385
3,2020-02-29 19:30:10,3.50298889808011
3,2020-02-29 19:59:22,4.86475067838848
3,2020-02-29 20:29:59,5.12604377787381
3,2020-02-29 20:59:50,2.62010940847844
3,2020-02-29 21:30:03,5.52869612238871
3,2020-02-29 21:59:52,4.46621811023521
3,2020-02-29 22:30:37,3.62575785871646
3,2020-02-29 23:00:33,2.66406976365858
3,2020-02-29 23:30:06,2.36130780978499
3,2020-03-01 00:00:45,2.01200261308004
3,2020-03-01 00:29:50,0.215566192200841
3,2020-03-01 01:00:01,3.18670707705631
3,2020-03-01 01:30:21,3.94499628376577
3,2020-03-01 02:00:12,5.42428337629148
3,2020-03-01 02:30:34,4.85199233623398
3,2020-03-01 02:59:32,4.61691745143422
3,2020-03-01 03:29:08,4.70693507166336
3,2020-03-01 03:59:20,6.69004383209428
3,2020-03-01 04:29:38,4.18910793499494
3,2020-03-01 05:00:50,4.9044168451789
3,2020-03-01 05:29:47,3.28127840427266
3,2020-03-01 06:00:08,3.98369152632887
3,2020-03-01 06:29:46,3.80838319438909
3,2020-03-01 07:00:05,2.81495716303609
3,2020-03-01 07:30:27,4.52467723097467
3,2020-03-01 07:59:41,7.78641816372235
3,2020-03-01 08:30:20,4.1094551660126
3,2020-03-01 09:00:04,5.74068661836595
3,2020-03-01 09:30:09,6.2781565306223
3,2020-03-01 10:00:20,5.93740866397457
3,2020-03-01 10:30:13,4.75849023835387
3,2020-03-01 11:00:16,5.08480477749159
3,2020-03-01 11:29:20,2.48662949699259
3,2020-03-01 12:00:40,4.77789525897323
3,2020-03-01 12:30:39,5.33812865657229
3,2020-03-01 13:00:31,4.62689470896128
3,2020-03-01 13:30:26,4.61605636102305
3,2020-03-01 13:59:39,5.7384324514263
3,2020-03-01 14:29:17,5.36077448838802
3,2020-03-01 15:00:21,6.5031751402755
3,2020-03-01 15:30:33,5.71478675678281
3,2020-03-01 15:59:27,6.1121989131508
3,2020-03-01 16:29:37,7.72940665728921
3,2020-03-01 16:59:25,5.42392557928534
3,2020-03-01 17:30:25,3.18287347919007
3,2020-03-01 17:59:59,5.44606344156859
3,2020-03-01 18:30:51,6.05983238903263
3,2020-03-01 19:00:25,4.49543480919267
3,2020-03-01 19:30:16,5.54603970828254
3,2020-03-01 20:00:05,5.30758205960292
3,2020-03-01 20:30:18,7.14534504829319
3,2020-03-01 21:00:59,5.97019764332255
3,2020-03-01 21:30:12,7.73135311124558
3,2020-03-01 21:59:38,5.91081115856537
3,2020-03-01 22:30:36,4.326347806023
3,2020-03-01 22:59:39,6.15126921174405
3,2020-03-01 23:29:57,4.60800597866511
3,2020-03-02 00:00:19,4.53455256527814
3,2020-03-02 00:29:02,4.9003809733681
3,2020-03-02 01:01:11,5.30567547423662
3,2020-03-02 01:30:15,5.33010829473473
3,2020-03-02 02:00:18,6.11586508198743
3,2020-03-02 02:30:14,6.47444657851947
3,2020-03-02 03:00:00,8.83285745361767
3,2020-03-02 03:30:27,7.66942544778063
3,2020-03-02 04:00:26,5.93229962484765
3,2020-03-02 04:29:58,6.57089561658316
3,2020-03-02 04:59:58,7.57350531606868
3,2020-03-02 05:30:24,3.99944623005731
3,2020-03-02 05:59:46,7.51354578669119
3,2020-03-02 06:30:30,5.91491911711081
3,2020-03-02 06:59:18,6.66158515002003
3,2020-03-02 07:29:27,6.57315795509922
3,2020-03-02 07:59:54,6.95304969700554
3,2020-03-02 08:29:27,5.56199722344939
3,2020-03-02 09:00:09,8.07686760667942
3,2020-03-02 09:30:03,9.54037267449105
3,2020-03-02 09:59:59,7.89054371993121
3,2020-03-02 10:30:00,5.25324157775502
3,2020-03-02 10:59:09,8.8326039576554
3,2020-03-02 11:30:05,6.83588836615932
3,2020-03-02 12:00:05,6.65930649037302
3,2020-03-02 12:29:15,6.07125935202045
3,2020-03-02 12:59:51,6.63881028506774
3,2020-03-02 13:30:14,6.35726577146963
3,2020-03-02 13:59:59,7.27723859217511
3,2020-03-02 14:29:23,6.14708257077854
3,2020-03-02 15:00:42,9.53988461235419
3,2020-03-02 15:29:31,8.38089403770143
3,2020-03-02 15:59:57,8.19267868267337
3,2020-03-02 16:30:14,8.08211306575156
3,2020-03-02 17:00:33,8.71785632431866
3,2020-03-02 17:29:29,7.64948331556269
3,2020-03-02 18:00:07,6.82889218474234
3,2020-03-02 18:30:17,5.66166320399487
3,2020-03-02 18:59:32,7.961191970035
3,2020-03-02 19:31:13,7.13362166926877
3,2020-03-02 20:00:42,7.05740650295622
3,2020-03-02 20:30:14,8.24171127954912
3,2020-03-02 21:00:02,10.8926423571979
3,2020-03-02 21:30:18,7.53396710842865
3,2020-03-02 21:59:58,8.8056118802175
3,2020-03-02 22:29:31,10.837829820145
3,2020-03-02 22:59:59,8.06748583475684
3,2020-03-02 23:31:06,8.31244467946733
3,2020-03-03 00:00:26,9.55323162892436
3,2020-03-03 00:30:08,9.42453430739996
3,2020-03-03 00:58:55,7.31908367524803
3,2020-03-03 01:29:55,7.21526650777777
3,2020-03-03 02:00:43,7.49804309499801
3,2020-03-03 02:30:13,6.41176253089491
3,2020-03-03 02:59:52,8.28673748639661
3,2020-03-03 03:30:12,7.87564681506877
3,2020-03-03 03:59:58,10.5952391152242
3,2020-03-03 04:29:59,9.68334209870126
3,2020-03-03 04:59:26,10.7992238420035
3,2020-03-03 05:30:22,8.81866800610958
3,2020-03-03 06:00:57,9.19910805905592
3,2020-03-03 06:29:51,10.1412456342237
3,2020-03-03 06:59:43,8.38605096977947
3,2020-03-03 07:29:36,7.0135215681573
3,2020-03-03 08:00:34,9.10426213283096
3,2020-03-03 08:30:39,7.90993169191649
3,2020-03-03 09:00:13,8.18242042898907
3,2020-03-03 09:30:32,9.65825360537977
3,2020-03-03 10:00:21,10.2942212718127
3,2020-03-03 10:29:25,9.51487606714869
3,2020-03-03 11:00:09,10.8256980282144
3,2020-03-03 11:30:14,11.2726918282451
3,2020-03-03 11:59:41,8.71555746957698
4,2020-02-29 12:00:02,4.13438358533495
4,2020-02-29 12:30:03,3.43425025370691
4,2020-02-29 12:59:38,3.59685991467238
4,2020-02-29 13:30:26,4.92521689708774
4,2020-02-29 14:01:05,6.19341390708728
4,2020-02-29 14:30:41,4.53636616994067
4,2020-02-29 14:59:29,4.37026440370149
4,2020-02-29 15:29:39,2.92518307681747
4,2020-02-29 16:00:19,2.13564059509571
4,2020-02-29 16:29:41,3.83786063690065
4,2020-02-29 16:59:50,3.28923502788867
4,2020-02-29 17:29:58,2.87722470112258
4,2020-02-29 17:59:52,2.50096944909372
4,2020-02-29 18:29:47,3.56088344376649
4,2020-02-29 18:59:15,1.98395831402341
4,2020-02-29 19:29:30,3.56312203627369
4,2020-02-29 20:01:37,4.00682947262637
4,2020-02-29 20:31:04,6.00993355150252
4,2020-02-29 20:59:34,5.22548120259886
4,2020-02-29 21:29:33,5.5622464365722
4,2020-02-29 22:00:16,3.89944752963016
4,2020-02-29 22:29:45,1.60272332587576
4,2020-02-29 23:00:21,2.23266769727289
4,2020-02-29 23:29:38,4.16104472991395
4,2020-02-29 23:59:26,5.22797307857505
4,2020-03-01 00:30:03,5.33208258233327
4,2020-03-01 01:00:39,5.27408337870993
4,2020-03-01 01:29:18,3.38614579207159
4,2020-03-01 01:59:52,6.09015210901591
4,2020-03-01 02:29:43,7.07344714808134
4,2020-03-01 02:59:28,3.8296093408657
4,2020-03-01 03:29:42,4.91569433435808
4,2020-03-01 04:00:20,4.59483569151077
4,2020-03-01 04:30:46,3.18074065851419
4,2020-03-01 05:00:02,2.50379449713518
4,2020-03-01 05:30:03,4.79535032847749
4,2020-03-01 06:00:31,3.50303141407382
4,2020-03-01 06:30:25,2.99273134982507
4,2020-03-01 06:59:28,3.74970499107576
4,2020-03-01 07:29:35,5.77853994850963
4,2020-03-01 07:59:59,5.2579117104888
4,2020-03-01 08:29:56,5.5111485858143
4,2020-03-01 09:00:38,5.15477195166628
4,2020-03-01 09:29:30,4.95756989727214
4,2020-03-01 09:59:54,4.74856542300459
4,2020-03-01 10:30:21,6.62790603987509
4,2020-03-01 10:59:48,4.1596317574552
4,2020-03-01 11:29:53,4.27571065864321
4,2020-03-01 12:00:04,3.01892493124085
4,2020-03-01 12:29:27,4.12617143723727
4,2020-03-01 13:00:23,4.92585760724762
4,2020-03-01 13:30:06,6.52476789675172
4,2020-03-01 13:59:52,7.73390538545694
4,2020-03-01 14:30:04,4.44807075410013
4,2020-03-01 14:59:24,5.71960438905305
4,2020-03-01 15:30:07,7.67560357544758
4,2020-03-01 16:00:45,6.62253484489914
4,2020-03-01 16:30:10,6.01156132003285
4,2020-03-01 17:00:15,5.85747797552444
4,2020-03-01 17:29:51,4.72609515030699
4,2020-03-01 17:59:15,6.56624832828195
4,2020-03-01 18:30:00,5.16108078808697
4,2020-03-01 19:00:05,4.86026782354195
4,2020-03-01 19:30:09,5.37618832346106
4,2020-03-01 20:00:19,6.08273066623948
4,2020-03-01 20:29:16,6.41091272299333
4,2020-03-01 20:59:59,7.37843247070935
4,2020-03-01 21:29:43,7.94621969733024
4,2020-03-01 21:59:30,8.21128457684677
4,2020-03-01 22:29:36,5.96551886032799
4,2020-03-01 23:00:04,7.58658032267061
4,2020-03-01 23:29:57,5.59768761315329
4,2020-03-01 23:59:14,4.3821732456056
4,2020-03-02 00:30:42,6.49339003098314
4,2020-03-02 01:00:20,6.24818241450109
4,2020-03-02 01:30:06,6.73895507704095
4,2020-03-02 01:59:09,7.65143982256976
4,2020-03-02 02:29:11,4.59834217840316
4,2020-03-02 02:59:25,8.60410547619499
4,2020-03-02 03:30:10,7.34243696762311
4,2020-03-02 04:00:35,5.56215930975864
4,2020-03-02 04:30:06,6.48303196705115
4,2020-03-02 05:00:24,5.84786149679369
4,2020-03-02 05:30:45,6.23286564932285
4,2020-03-02 06:00:02,5.60299322503995
4,2020-03-02 06:29:25,6.49483038577514
4,2020-03-02 06:59:34,5.03847848265966
4,2020-03-02 07:30:27,7.09633682314083
4,2020-03-02 08:00:37,6.2051538567322
4,2020-03-02 08:30:55,8.06397339537342
4,2020-03-02 09:00:49,7.03412714897969
4,2020-03-02 09:29:07,7.64183312039685
4,2020-03-02 10:00:11,9.94357281852424
4,2020-03-02 10:29:53,9.59252227544141
4,2020-03-02 10:59:35,8.16920865098769
4,2020-03-02 11:30:07,7.21187525375772
4,2020-03-02 12:00:01,8.29353125385281
4,2020-03-02 12:29:27,6.62916405425931
4,2020-03-02 12:59:44,6.8065009233192
4,2020-03-02 13:29:54,5.9890487245607
4,2020-03-02 13:59:56,7.25692287876183
4,2020-03-02 14:30:14,7.12455593845904
4,2020-03-02 15:00:27,8.4487528109353
4,2020-03-02 15:29:46,7.11614003090913
4,2020-03-02 15:59:52,10.0646949299917
4,2020-03-02 16:29:31,8.45264353481055
4,2020-03-02 17:00:31,7.9995034824886
4,2020-03-02 17:29:43,9.46211444240918
4,2020-03-02 17:59:09,6.55007306036547
4,2020-03-02 18:30:31,7.29666058871295
4,2020-03-02 18:59:18,6.66796360067315
4,2020-03-02 19:29:33,8.11865260148923
4,2020-03-02 19:59:54,8.05614049578095
4,2020-03-02 20:29:31,8.40664339792819
4,2020-03-02 21:00:03,9.63817417829643
4,2020-03-02 21:30:05,9.81884282361231
4,2020-03-02 21:59:57,8.70557565532728
4,2020-03-02 22:30:05,8.11011134232788
4,2020-03-02 22:59:46,8.88016636630485
4,2020-03-02 23:30:05,8.276113788192
4,2020-03-02 23:59:38,9.98816109194217
4,2020-03-03 00:29:23,8.45750656712716
4,2020-03-03 00:59:41,6.90825517875664
4,2020-03-03 01:29:05,6.76216353075823
4,2020-03-03 01:59:36,7.56386359483253
4,2020-03-03 02:30:12,8.24551143015844
4,2020-03-03 02:59:51,9.07395056544565
4,2020-03-03 03:29:52,9.66952671278803
4,2020-03-03 03:58:51,9.34097565930674
4,2020-03-03 04:30:45,11.3429067877951
4,2020-03-03 05:00:11,11.9958380199942
4,2020-03-03 05:29:38,9.85360450388795
4,2020-03-03 06:01:42,10.0232976910015
4,2020-03-03 06:29:54,9.0773341891617
4,2020-03-03 06:59:37,8.73509164173694
4,2020-03-03 07:30:27,10.5364906535328
4,2020-03-03 08:00:23,8.84356687766086
4,2020-03-03 08:29:17,7.59673875866461
4,2020-03-03 09:00:17,9.3575903799799
4,2020-03-03 09:30:38,9.00731624513177
4,2020-03-03 09:59:47,11.3275083342824
4,2020-03-03 10:30:24,11.7792685973905
4,2020-03-03 11:00:20,8.79291328850512
4,2020-03-03 11:30:12,11.6885001346441
4,2020-03-03 12:00:17,9.33279412755909
5,2020-02-29 12:00:04,2.49928090203503
5,2020-02-29 12:29:43,3.42364504557226
5,2020-02-29 12:59:41,2.14333842843297
5,2020-02-29 13:30:25,3.169969543707
5,2020-02-29 14:00:36,3.01599666285237
5,2020-02-29 14:29:53,5.22965245525179
5,2020-02-29 14:59:28,3.14601217735393
5,2020-02-29 15:29:39,3.43296785573433
5,2020-02-29 15:59:53,3.05750566880036
5,2020-02-29 16:30:41,2.80773162229766
5,2020-02-29 16:59:31,3.45523445926458
5,2020-02-29 17:30:16,2.0174490274507
5,2020-02-29 18:00:55,1.73559323359121
5,2020-02-29 18:28:58,2.52797285104339
5,2020-02-29 18:59:12,3.53037039223227
5,2020-02-29 19:29:56,2.64660693232416
5,2020-02-29 19:59:47,4.25642350929991
5,2020-02-29 20:29:38,4.45167760595606
5,2020-02-29 20:59:53,4.1476653969615
5,2020-02-29 21:29:21,5.42113724070859
5,2020-02-29 21:59:48,2.63472034558121
5,2020-02-29 22:29:30,2.78932450898845
5,2020-02-29 22:59:49,4.02338983178013
5,2020-02-29 23:29:43,2.2912546484871
5,2020-02-29 23:59:55,3.2295277321763
5,2020-03-01 00:30:48,5.4538512902426
5,2020-03-01 01:01:09,4.86144301727233
5,2020-03-01 01:30:25,4.9738933465106
5,2020-03-01 02:00:04,4.401075153406
5,2020-03-01 02:31:00,6.2642760353009
5,2020-03-01 02:59:47,5.61148029436891
5,2020-03-01 03:29:49,7.51534337215993
5,2020-03-01 03:59:44,2.26761961077686
5,2020-03-01 04:30:11,4.51224355860969
5,2020-03-01 04:59:58,3.90312121662628
5,2020-03-01 05:29:33,5.32605664798499
5,2020-03-01 06:00:25,3.38739701839188
5,2020-03-01 06:30:15,4.35805939867514
5,2020-03-01 07:00:14,5.00853690974552
5,2020-03-01 07:29:43,5.91821685736172
5,2020-03-01 08:00:20,6.67404773782252
5,2020-03-01 08:29:48,5.78616709093532
5,2020-03-01 08:59:38,6.49185970039948
5,2020-03-01 09:30:01,6.44251713736657
5,2020-03-01 09:59:41,5.95068939694794
5,2020-03-01 10:30:28,4.86210672018306
5,2020-03-01 10:59:27,4.59558705504528
5,2020-03-01 11:29:54,4.26342061823287
5,2020-03-01 12:00:21,5.13237800540426
5,2020-03-01 12:29:34,4.9221973163563
5,2020-03-01 12:59:15,5.87317630685069
5,2020-03-01 13:29:42,3.36847083889476
5,2020-03-01 14:00:33,5.23521120962811
5,2020-03-01 14:30:58,7.41038537695787
5,2020-03-01 15:00:26,5.37636698951485
5,2020-03-01 15:30:50,6.83051180351065
5,2020-03-01 15:59:24,5.79293070315253
5,2020-03-01 16:29:47,5.53628913610949
5,2020-03-01 16:59:29,4.32843141654519
5,2020-03-01 17:30:15,5.81123899978951
5,2020-03-01 18:00:24,5.00004599654049
5,2020-03-01 18:30:32,5.19279038661933
5,2020-03-01 18:59:34,5.93171138709098
5,2020-03-01 19:29:19,5.39510972222407
5,2020-03-01 19:59:48,6.46652319969082
5,2020-03-01 20:30:14,7.20723188018757
5,2020-03-01 20:58:53,8.10826353351711
5,2020-03-01 21:30:03,8.32405136676447
5,2020-03-01 21:59:29,4.42091633407855
5,2020-03-01 22:29:14,7.09116308003235
5,2020-03-01 22:59:19,7.38224271964974
5,2020-03-01 23:30:43,6.288823362981
5,2020-03-02 00:00:00,4.00250308893658
5,2020-03-02 00:29:58,5.60942833049499
5,2020-03-02 01:00:06,6.26604069553525
5,2020-03-02 01:29:54,7.33774799314746
5,2020-03-02 02:00:11,7.76165658775709
5,2020-03-02 02:30:08,6.21615603314329
5,2020-03-02 02:59:20,7.69003373602709
5,2020-03-02 03:29:55,6.86730414249755
5,2020-03-02 04:00:08,8.52870856831291
5,2020-03-02 04:30:08,8.18148742267189
5,2020-03-02 04:59:52,8.0853926568803
5,2020-03-02 05:29:54,7.39734354873432
5,2020-03-02 06:00:19,6.73628089450493
5,2020-03-02 06:31:10,5.5072945616219
5,2020-03-02 06:59:55,5.35507674662799
5,2020-03-02 07:30:45,6.80407594619645
5,2020-03-02 08:00:16,6.85918773491405
5,2020-03-02 08:30:14,7.46463429310694
5,2020-03-02 09:00:33,9.51469012828002
5,2020-03-02 09:30:18,7.33533877638264
5,2020-03-02 10:00:20,8.80363506821225
5,2020-03-02 10:30:00,8.0080644733664
5,2020-03-02 10:59:46,7.53512382682373
5,2020-03-02 11:30:11,8.53275874399861
5,2020-03-02 12:00:03,5.01887661035405
5,2020-03-02 12:30:30,8.65463051980801
5,2020-03-02 13:00:45,6.87970213622967
5,2020-03-02 13:30:09,7.7383068251208
5,2020-03-02 13:58:44,7.43166180813498
5,2020-03-02 14:29:54,8.10962009171898
5,2020-03-02 14:59:11,6.10033349525095
5,2020-03-02 15:30:28,8.04247584987463
5,2020-03-02 16:00:14,8.08704175918157
5,2020-03-02 16:30:35,9.96101219865814
5,2020-03-02 16:59:55,9.18688656300787
5,2020-03-02 17:30:10,7.26865770308663
5,2020-03-02 18:00:20,8.08430728067596
5,2020-03-02 18:29:41,6.73203783738911
5,2020-03-02 19:00:05,8.43778787867204
5,2020-03-02 19:30:32,7.71843691246359
5,2020-03-02 19:59:44,7.49828391878124
5,2020-03-02 20:29:29,8.50148743032341
5,2020-03-02 21:00:09,11.0827828555135
5,2020-03-02 21:30:42,7.61968571964709
5,2020-03-02 21:59:40,10.0315894678352
5,2020-03-02 22:29:57,10.2875039457134
5,2020-03-02 23:00:18,10.6467418356216
5,2020-03-02 23:29:34,10.262243468505
5,2020-03-03 00:00:19,9.06809980530853
5,2020-03-03 00:29:56,6.93949536236162
5,2020-03-03 00:59:48,7.33465530547904
5,2020-03-03 01:29:54,9.05391557946142
5,2020-03-03 01:59:40,7.92259299987919
5,2020-03-03 02:30:39,7.56591762583736
5,2020-03-03 03:00:02,9.24652239050341
5,2020-03-03 03:29:57,8.22966285973333
5,2020-03-03 03:59:19,10.2036895148546
5,2020-03-03 04:30:02,7.9916664054987
5,2020-03-03 05:00:13,10.2025601756779
5,2020-03-03 05:29:46,9.19338752522591
5,2020-03-03 06:00:06,9.17221324646323
5,2020-03-03 06:29:57,8.8451955875524
5,2020-03-03 06:59:14,9.98622964302858
5,2020-03-03 07:30:27,9.24235713408499
5,2020-03-03 07:59:25,10.203884986281
5,2020-03-03 08:29:32,9.94116083192513
5,2020-03-03 09:00:19,9.50931596863081
5,2020-03-03 09:30:24,10.1395048752944
5,2020-03-03 10:00:07,13.0014203650819
5,2020-03-03 10:30:09,10.689710715081
5,2020-03-03 10:59:42,10.3965941229247
5,2020-03-03 11:28:39,10.7481666041005
5,2020-03-03 12:00:10,10.6540853113711
6,2020-02-29 12:00:51,3.71009792822849
6,2020-02-29 12:30:54,2.99816195529
6,2020-02-29 12:59:09,1.51145752540842
6,2020-02-29 13:30:21,4.87116017615993
6,2020-02-29 13:59:26,4.52377680211076
6,2020-02-29 14:30:45,6.43651097931921
6,2020-02-29 15:00:09,4.17736282641789
6,2020-02-29 15:30:31,3.84861514877834
6,2020-02-29 16:00:10,3.83225542488846
6,2020-02-29 16:29:42,4.42104948348555
6,2020-02-29 16:59:59,1.4423437304904
6,2020-02-29 17:30:09,1.58985439039327
6,2020-02-29 17:59:40,4.34021263930482
6,2020-02-29 18:30:34,3.80289471634654
6,2020-02-29 18:59:44,4.68695211473815
6,2020-02-29 19:29:52,4.34753817044605
6,2020-02-29 20:00:09,3.38851825024809
6,2020-02-29 20:29:27,4.95140061956879
6,2020-02-29 20:59:54,4.12174440323501
6,2020-02-29 21:31:00,3.94121459891143
6,2020-02-29 21:59:46,2.11006223704561
6,2020-02-29 22:30:50,3.20774469984511
6,2020-02-29 23:00:02,4.6811101242988
6,2020-02-29 23:29:20,3.92536131431593
6,2020-03-01 00:00:57,4.36912721393017
6,2020-03-01 00:29:57,2.76234534028033
6,2020-03-01 01:00:46,4.51645671886461
6,2020-03-01 01:29:47,2.82652758686771
6,2020-03-01 02:00:04,5.53780795417239
6,2020-03-01 02:30:02,4.67601028286725
6,2020-03-01 03:00:10,6.87443065033593
6,2020-03-01 03:30:21,4.13394053226522
6,2020-03-01 04:00:21,5.93555581198518
6,2020-03-01 04:28:58,5.61893410400138
6,2020-03-01 04:59:07,4.66392901369002
6,2020-03-01 05:30:10,4.25808397066519
6,2020-03-01 05:59:54,4.02990137642628
6,2020-03-01 06:29:42,5.1194467830732
6,2020-03-01 07:00:41,6.07772975478009
6,2020-03-01 07:30:45,4.40070260602947
6,2020-03-01 07:59:10,5.24237442595323
6,2020-03-01 08:28:41,7.17215212339378
6,2020-03-01 08:59:46,7.19537876436199
6,2020-03-01 09:29:28,7.04420734455391
6,2020-03-01 10:00:05,4.53082294928653
6,2020-03-01 10:28:40,2.78711052010249
6,2020-03-01 11:00:36,5.87601629728123
6,2020-03-01 11:30:05,5.94684908184917
6,2020-03-01 12:00:23,3.31683201338965
6,2020-03-01 12:29:19,5.50770052762261
6,2020-03-01 12:59:57,5.22876458036484
6,2020-03-01 13:29:38,6.52372887133068
6,2020-03-01 14:00:17,7.51035243119646
6,2020-03-01 14:30:24,5.95393683204547
6,2020-03-01 15:00:26,6.93301959199901
6,2020-03-01 15:29:16,6.24110761230803
6,2020-03-01 16:00:03,7.39356000456754
6,2020-03-01 16:30:41,5.44738906178917
6,2020-03-01 16:59:53,5.56340472213662
6,2020-03-01 17:29:25,4.91313396140691
6,2020-03-01 17:59:54,5.61064036839868
6,2020-03-01 18:28:42,4.65172652477656
6,2020-03-01 19:00:28,4.26112996982943
6,2020-03-01 19:29:02,3.57519857909508
6,2020-03-01 20:00:27,6.27113150000659
6,2020-03-01 20:29:35,5.80585377415573
6,2020-03-01 21:00:01,6.71277626517757
6,2020-03-01 21:29:01,8.76790844628964
6,2020-03-01 21:59:48,6.96150465233614
6,2020-03-01 22:31:14,6.47751552135586
6,2020-03-01 23:00:18,6.26857620367849
6,2020-03-01 23:30:34,5.91243161233824
6,2020-03-02 00:00:08,5.31433804571165
6,2020-03-02 00:30:16,4.12797643087351
6,2020-03-02 00:58:54,7.04289128645605
6,2020-03-02 01:29:56,5.59778001003802
6,2020-03-02 02:00:29,6.92196615305735
6,2020-03-02 02:30:56,7.51910426774436
6,2020-03-02 02:59:42,9.17925793972056
6,2020-03-02 03:30:25,5.97290344579493
6,2020-03-02 04:00:04,8.84598250022888
6,2020-03-02 04:30:25,8.51612200829345
6,2020-03-02 04:59:42,6.72818583598236
6,2020-03-02 05:30:09,6.9721175566632
6,2020-03-02 05:59:59,6.6268721830643
6,2020-03-02 06:29:42,7.62315610928243
6,2020-03-02 07:01:17,6.80196989224904
6,2020-03-02 07:30:59,5.60910081136009
6,2020-03-02 08:00:14,7.57059408882899
6,2020-03-02 08:29:39,7.53407769167807
6,2020-03-02 08:59:41,9.17549520790324
6,2020-03-02 09:30:33,8.65176219014455
6,2020-03-02 10:00:40,9.18911747086409
6,2020-03-02 10:29:43,9.09675902535483
6,2020-03-02 11:00:03,6.80119221188622
6,2020-03-02 11:29:11,8.27996987628088
6,2020-03-02 12:00:02,5.97630106069436
6,2020-03-02 12:29:27,6.55497480823834
6,2020-03-02 12:59:37,8.98989288728059
6,2020-03-02 13:29:57,8.4914273662627
6,2020-03-02 14:00:31,7.88828061655611
6,2020-03-02 14:30:06,8.02996811031653
6,2020-03-02 15:00:07,9.46161239871315
6,2020-03-02 15:29:26,10.9784695733086
6,2020-03-02 15:59:29,10.1131917896469
6,2020-03-02 16:30:18,8.91100619670168
6,2020-03-02 16:59:31,8.39394298057832
6,2020-03-02 17:29:46,8.43844139153381
6,2020-03-02 17:59:29,8.51611104655291
6,2020-03-02 18:30:13,7.41110516822529
6,2020-03-02 18:59:52,6.30503904834611
6,2020-03-02 19:30:25,8.56874207905129
6,2020-03-02 20:01:36,9.18708682364653
6,2020-03-02 20:29:39,7.68168476820398
6,2020-03-02 20:59:38,10.5492011089691
6,2020-03-02 21:30:04,11.2577763130164
6,2020-03-02 21:58:59,10.1870550575416
6,2020-03-02 22:30:23,10.2880319861192
6,2020-03-02 23:00:35,11.3885667114449
6,2020-03-02 23:30:05,9.0288061200328
6,2020-03-03 00:00:33,9.05266892678213
6,2020-03-03 00:30:25,8.79546900951438
6,2020-03-03 01:00:26,9.4710113205483
6,2020-03-03 01:29:02,6.15192409589266
6,2020-03-03 02:00:20,9.37092953513463
6,2020-03-03 02:29:30,8.70713902753434
6,2020-03-03 03:00:32,9.9968974401901
6,2020-03-03 03:30:07,10.6145863759945
6,2020-03-03 03:59:58,11.1817388151127
6,2020-03-03 04:30:03,9.81818020978645
6,2020-03-03 05:00:19,10.6338574868664
6,2020-03-03 05:30:13,10.8861366332207
6,2020-03-03 06:00:25,11.1743253236089
6,2020-03-03 06:29:04,12.2490547078421
6,2020-03-03 06:59:36,8.43439428948075
6,2020-03-03 07:31:00,8.6474518876301
6,2020-03-03 07:59:55,7.97667546163597
6,2020-03-03 08:30:19,11.6449767761728
6,2020-03-03 08:59:01,8.37226351328578
6,2020-03-03 09:29:23,10.717787828175
6,2020-03-03 10:00:39,12.9077119635156
6,2020-03-03 10:30:08,10.5279707236028
6,2020-03-03 11:00:47,11.9828280173831
6,2020-03-03 11:30:11,11.099502118842
6,2020-03-03 11:59:25,11.0808924905011
7,2020-02-29 12:00:14,4.26879327024415
7,2020-02-29 12:30:15,3.32313410156599
7,2020-02-29 13:00:25,5.44403618424398
7,2020-02-29 13:30:17,3.75438536902904
7,2020-02-29 13:59:48,5.40186848646275
7,2020-02-29 14:29:14,4.8754118097574
7,2020-02-29 15:00:13,3.56522953330936
7,2020-02-29 15:29:51,5.37354362968571
7,2020-02-29 16:00:33,2.85933919414602
7,2020-02-29 16:31:06,2.98127484707252
7,2020-02-29 16:59:36,3.3654545202712
7,2020-02-29 17:30:03,3.85582796633962
7,2020-02-29 18:00:07,3.91295414854532
7,2020-02-29 18:29:16,2.97989397961092
7,2020-02-29 18:59:16,3.39207792923299
7,2020-02-29 19:30:17,7.23573240007588
7,2020-02-29 20:00:19,5.18354053274339
7,2020-02-29 20:30:01,5.63796534433011
7,2020-02-29 21:00:33,6.08121833144033
7,2020-02-29 21:30:18,2.8306870149662
7,2020-02-29 21:59:36,3.02943166347384
7,2020-02-29 22:29:47,4.89987023741966
7,2020-02-29 22:59:39,4.37826020963415
7,2020-02-29 23:29:55,2.68283482788118
7,2020-02-29 23:59:57,3.53649176062224
7,2020-03-01 00:30:32,3.8953195598896
7,2020-03-01 00:59:56,4.74075123864562
7,2020-03-01 01:30:05,3.70160009399103
7,2020-03-01 02:00:07,6.61421825831693
7,2020-03-01 02:30:56,4.54568973336355
7,2020-03-01 02:59:00,6.2250756538277
7,2020-03-01 03:29:57,5.72119416350616
7,2020-03-01 03:59:58,5.25259934425002
7,2020-03-01 04:29:19,5.22130279698874
7,2020-03-01 05:00:03,4.2602728100873
7,2020-03-01 05:30:12,4.52019413081359
7,2020-03-01 06:00:11,4.08210784259462
7,2020-03-01 06:29:30,3.06533561492676
7,2020-03-01 07:00:14,3.56819855550838
7,2020-03-01 07:29:37,5.06324075518739
7,2020-03-01 07:59:50,7.78725905044362
7,2020-03-01 08:29:57,5.14554921846363
7,2020-03-01 09:01:12,8.75028891000711
7,2020-03-01 09:30:21,7.62061264901065
7,2020-03-01 10:00:13,5.44011711165755
7,2020-03-01 10:30:33,6.10513247715753
7,2020-03-01 11:00:22,5.0674541142659
7,2020-03-01 11:30:51,5.04262891088146
7,2020-03-01 12:00:27,4.29611083427371
7,2020-03-01 12:30:05,4.24320976863333
7,2020-03-01 12:59:33,5.78778455266299
7,2020-03-01 13:29:56,6.64407951487909
7,2020-03-01 14:00:37,7.2113266397145
7,2020-03-01 14:30:35,6.88289897730216
7,2020-03-01 14:59:24,7.31154069085858
7,2020-03-01 15:29:58,5.24948296431917
7,2020-03-01 16:00:16,5.29829692810986
7,2020-03-01 16:30:20,6.20787180607722
7,2020-03-01 17:00:11,5.59347313788946
7,2020-03-01 17:29:56,5.57644791443884
7,2020-03-01 17:59:40,5.34155306200141
7,2020-03-01 18:29:46,5.24809078432461
7,2020-03-01 19:00:05,6.96719159525914
7,2020-03-01 19:29:57,4.77164164318115
7,2020-03-01 19:59:35,6.18737307074713
7,2020-03-01 20:30:31,6.90177599307282
7,2020-03-01 21:00:06,7.31511318781007
7,2020-03-01 21:29:26,7.19355007218469
7,2020-03-01 21:59:53,7.36729556317356
7,2020-03-01 22:29:55,6.7697956908424
7,2020-03-01 23:00:09,4.21528247425446
7,2020-03-01 23:30:25,6.584649025487
7,2020-03-02 00:00:17,5.84742277881128
7,2020-03-02 00:30:19,5.16166562746476
7,2020-03-02 01:01:21,6.25664208220806
7,2020-03-02 01:30:30,7.12103232158741
7,2020-03-02 02:00:38,8.19911750971984
7,2020-03-02 02:30:00,8.94292128964339
7,2020-03-02 03:00:24,7.83937038955058
7,2020-03-02 03:30:12,8.68903086572519
7,2020-03-02 03:59:58,7.11514951847485
7,2020-03-02 04:29:54,8.52158805489524
7,2020-03-02 04:59:49,6.62818950943928
7,2020-03-02 05:29:07,8.02970505345652
7,2020-03-02 05:59:41,7.24049067727239
7,2020-03-02 06:29:16,8.88423872283095
7,2020-03-02 06:59:04,7.30955979746122
7,2020-03-02 07:30:24,8.43594200732075
7,2020-03-02 07:59:29,8.09977599309046
7,2020-03-02 08:30:07,7.0767833103305
7,2020-03-02 09:00:25,9.49328579911878
7,2020-03-02 09:30:43,11.7730077098245
7,2020-03-02 09:59:57,9.74052414008107
7,2020-03-02 10:29:39,10.0834062007927
7,2020-03-02 10:59:40,8.85690671831381
7,2020-03-02 11:30:07,6.36721253644042
7,2020-03-02 11:59:05,7.143266275527
7,2020-03-02 12:29:36,7.50800974381502
7,2020-03-02 12:59:58,8.01017445764414
7,2020-03-02 13:30:32,6.65171586316921
7,2020-03-02 14:00:07,8.76539020782886
7,2020-03-02 14:30:07,8.8311089088172
7,2020-03-02 15:00:50,9.45204848653674
7,2020-03-02 15:30:08,10.6682388613543
7,2020-03-02 15:59:21,10.611099478082
7,2020-03-02 16:29:36,9.56220021315363
7,2020-03-02 16:59:27,9.38409496843345
7,2020-03-02 17:30:15,10.0413918347903
7,2020-03-02 17:59:33,8.37792552520953
7,2020-03-02 18:30:13,9.55809471987262
7,2020-03-02 18:59:30,9.63898784551771
7,2020-03-02 19:29:58,7.92192534753946
7,2020-03-02 19:59:58,7.841762618438
7,2020-03-02 20:29:37,7.22760472031189
7,2020-03-02 20:59:35,8.92478563688331
7,2020-03-02 21:29:50,10.1083005330541
7,2020-03-02 22:00:10,11.9198814812986
7,2020-03-02 22:29:43,11.240734894004
7,2020-03-02 22:59:35,11.0509926867675
7,2020-03-02 23:29:40,9.79268925662952
7,2020-03-02 23:59:30,9.17253228221886
7,2020-03-03 00:28:55,9.54220983155166
7,2020-03-03 00:59:27,7.70235333044776
7,2020-03-03 01:29:51,8.00619015263671
7,2020-03-03 02:00:05,6.29912234037076
7,2020-03-03 02:29:27,9.32182338273456
7,2020-03-03 03:00:13,11.1592314234263
7,2020-03-03 03:30:01,9.32760955527522
7,2020-03-03 03:59:52,12.3235466365781
7,2020-03-03 04:30:10,10.5871453188301
7,2020-03-03 04:59:23,9.778293619435
7,2020-03-03 05:29:40,11.0624734433552
7,2020-03-03 06:00:37,11.0682175246621
7,2020-03-03 06:30:25,10.4920060163257
7,2020-03-03 06:59:25,8.58911679075154
7,2020-03-03 07:30:00,8.96452217253431
7,2020-03-03 08:00:39,9.16676491326131
7,2020-03-03 08:29:22,8.6283565001743
7,2020-03-03 08:59:56,12.0193709037404
7,2020-03-03 09:30:14,10.6063374628679
7,2020-03-03 10:00:17,10.6789852047818
7,2020-03-03 10:30:15,11.0972693089427
7,2020-03-03 11:00:00,11.9562877118334
7,2020-03-03 11:28:55,11.2882031307306
7,2020-03-03 11:59:08,12.5911448626347
8,2020-02-29 11:59:22,4.96935168800303
8,2020-02-29 12:29:01,4.28736411328152
8,2020-02-29 13:00:05,3.96485206059646
8,2020-02-29 13:29:58,4.54223517117041
8,2020-02-29 13:59:46,5.72805539916794
8,2020-02-29 14:30:18,3.834516049632
8,2020-02-29 15:00:02,4.72343525319738
8,2020-02-29 15:29:23,2.68312217710638
8,2020-02-29 16:00:13,3.40695891153863
8,2020-02-29 16:30:46,3.85712046888576
8,2020-02-29 16:59:10,2.13065218473699
8,2020-02-29 17:29:41,3.37914721689957
8,2020-02-29 18:00:02,4.127756476019
8,2020-02-29 18:30:22,3.39724281911704
8,2020-02-29 19:00:21,6.92969016605624
8,2020-02-29 19:29:49,5.94668880684816
8,2020-02-29 19:59:45,6.28871392248009
8,2020-02-29 20:30:09,7.06588055857168
8,2020-02-29 21:00:03,6.02839134348178
8,2020-02-29 21:29:22,3.7364203012176
8,2020-02-29 21:59:42,4.09050656043215
8,2020-02-29 22:29:38,5.08415293650605
8,2020-02-29 22:59:38,3.19060633802703
8,2020-02-29 23:30:13,1.23743477686353
8,2020-02-29 23:59:19,3.40142690829779
8,2020-03-01 00:30:19,5.63870238671206
8,2020-03-01 00:59:07,3.27203026946856
8,2020-03-01 01:30:02,4.24377034188826
8,2020-03-01 02:00:49,5.73509825314748
8,2020-03-01 02:29:19,5.63062511501226
8,2020-03-01 03:00:06,5.94228821129605
8,2020-03-01 03:29:22,6.55534093377931
8,2020-03-01 04:00:19,4.87852491149741
8,2020-03-01 04:29:54,5.94584635978605
8,2020-03-01 04:59:43,4.12817792447697
8,2020-03-01 05:29:59,4.094957624481
8,2020-03-01 05:59:32,5.74359096107069
8,2020-03-01 06:30:04,6.33911972325889
8,2020-03-01 06:59:26,7.0253183219872
8,2020-03-01 07:30:25,4.67371363866579
8,2020-03-01 08:00:23,7.06708918329701
8,2020-03-01 08:30:13,5.95530162340918
8,2020-03-01 09:00:00,4.57167330582487
8,2020-03-01 09:30:33,4.97879184115049
8,2020-03-01 10:00:26,5.69742545694873
8,2020-03-01 10:29:45,4.90468067959834
8,2020-03-01 11:00:52,4.20241424196407
8,2020-03-01 11:29:50,5.15571873073004
8,2020-03-01 11:59:43,6.30534202185038
8,2020-03-01 12:30:05,4.78983071484677
8,2020-03-01 12:58:58,5.47138380213444
8,2020-03-01 13:30:09,4.69643127834214
8,2020-03-01 14:00:04,5.85674392192328
8,2020-03-01 14:30:11,8.6816002643314
8,2020-03-01 15:00:19,7.53382274543918
8,2020-03-01 15:29:44,6.61269482250846
8,2020-03-01 16:00:18,6.62202902033421
8,2020-03-01 16:30:02,6.60130395194749
8,2020-03-01 16:59:36,7.0315725862128
8,2020-03-01 17:29:02,5.81535858035333
8,2020-03-01 17:59:18,6.43772595966816
8,2020-03-01 18:29:40,5.98565318033758
8,2020-03-01 18:59:28,4.12702768024099
8,2020-03-01 19:30:34,6.16465524221423
8,2020-03-01 19:59:50,7.2996225992413
8,2020-03-01 20:30:16,6.93112840574765
8,2020-03-01 20:59:55,8.23059242035921
8,2020-03-01 21:29:20,7.43542996359896
8,2020-03-01 22:00:15,6.46947308312645
8,2020-03-01 22:29:57,7.8622876611778
8,2020-03-01 22:59:33,5.4471587785732
8,2020-03-01 23:29:51,6.00106930445059
8,2020-03-02 00:00:06,6.4918213723575
8,2020-03-02 00:29:57,7.21581320638962
8,2020-03-02 00:59:46,5.73325382461632
8,2020-03-02 01:29:54,6.09130435260066
8,2020-03-02 01:59:53,6.48185419481571
8,2020-03-02 02:29:52,7.10296645370855
8,2020-03-02 02:59:01,8.45594551560251
8,2020-03-02 03:29:47,8.16852367714699
8,2020-03-02 04:01:05,8.07305589191276
8,2020-03-02 04:30:36,7.50222346306337
8,2020-03-02 04:59:04,8.13936701666178
8,2020-03-02 05:29:35,8.02735976516975
8,2020-03-02 06:00:31,6.61144833491385
8,2020-03-02 06:29:49,8.36068378081921
8,2020-03-02 07:00:34,7.94115692122686
8,2020-03-02 07:30:55,6.69807863300801
8,2020-03-02 07:59:42,7.98448271277432
8,2020-03-02 08:29:49,7.76992806120301
8,2020-03-02 08:59:59,8.7251329575913
8,2020-03-02 09:29:02,8.52228767945041
8,2020-03-02 10:00:06,11.1735298605348
8,2020-03-02 10:29:38,8.58995565306834
8,2020-03-02 11:01:00,9.85109277866023
8,2020-03-02 11:30:09,6.56298549293077
8,2020-03-02 11:59:10,8.59896920139408
8,2020-03-02 12:30:02,6.92634699704942
8,2020-03-02 13:00:24,7.29525670349256
8,2020-03-02 13:29:19,7.10131480319815
8,2020-03-02 14:01:12,8.11365399487581
8,2020-03-02 14:29:22,9.27852438944962
8,2020-03-02 15:00:42,8.96962582065119
8,2020-03-02 15:30:13,9.14097445056024
8,2020-03-02 15:59:45,9.57645743241882
8,2020-03-02 16:30:02,10.8056356883249
8,2020-03-02 17:00:14,8.6092991419407
8,2020-03-02 17:29:50,8.55753599981278
8,2020-03-02 18:00:28,7.95246322546007
8,2020-03-02 18:30:31,8.97572433943246
8,2020-03-02 19:00:03,7.30161053639784
8,2020-03-02 19:29:46,9.21547347633439
8,2020-03-02 19:59:47,10.4106876942898
8,2020-03-02 20:30:39,6.99684828813926
8,2020-03-02 21:00:36,9.32424355200104
8,2020-03-02 21:30:08,8.02126970140927
8,2020-03-02 22:00:23,7.76036500198913
8,2020-03-02 22:30:00,10.1617041394495
8,2020-03-02 22:59:51,9.71187283195056
8,2020-03-02 23:30:44,9.1630224302577
8,2020-03-03 00:00:33,9.55273532483753
8,2020-03-03 00:29:15,10.5252210517315
8,2020-03-03 01:00:35,8.29481945603864
8,2020-03-03 01:29:47,7.29274220789773
8,2020-03-03 02:00:16,9.30851977777307
8,2020-03-03 02:30:18,8.55708053615283
8,2020-03-03 03:00:43,10.4010267319667
8,2020-03-03 03:30:28,9.83124551326619
8,2020-03-03 03:59:24,11.7700658164092
8,2020-03-03 04:29:34,9.63676763444359
8,2020-03-03 05:00:03,12.2434733902193
8,2020-03-03 05:29:09,11.7378130326295
8,2020-03-03 05:59:39,10.7109421448972
8,2020-03-03 06:29:17,9.26984564063858
8,2020-03-03 07:00:12,9.25970081488532
8,2020-03-03 07:29:15,10.2295985520682
8,2020-03-03 08:00:26,9.29308337049092
8,2020-03-03 08:29:43,9.40984231120891
8,2020-03-03 09:00:03,10.6422805232818
8,2020-03-03 09:30:35,10.250602352046
8,2020-03-03 10:00:41,11.920602522953
8,2020-03-03 10:29:57,11.4502890615538
8,2020-03-03 11:00:25,12.0616268750069
8,2020-03-03 11:30:20,11.7089001862101
8,2020-03-03 11:59:00,11.1853486968159
9,2020-02-29 11:59:39,4.56265114632637
9,2020-02-29 12:30:21,3.97163150692454
9,2020-02-29 12:59:26,2.88977925525641
9,2020-02-29 13:29:51,6.95593630414802
9,2020-02-29 14:00:23,5.99840943774492
9,2020-02-29 14:30:04,5.93377228981891
9,2020-02-29 15:00:28,4.12382929334502
9,2020-02-29 15:30:05,4.04150095750692
9,2020-02-29 15:59:50,3.66013384883646
9,2020-02-29 16:29:53,1.89710891044683
9,2020-02-29 16:59:49,2.2900024991553
9,2020-02-29 17:29:35,3.10200796588215
9,2020-02-29 17:59:31,4.07723714745339
9,2020-02-29 18:30:57,5.88995041882808
9,2020-02-29 19:01:03,2.90829653190223
9,2020-02-29 19:30:29,6.83255875454562
9,2020-02-29 20:00:16,6.62128080314945
9,2020-02-29 20:30:13,5.27788370116725
9,2020-02-29 21:00:23,4.21409728177426
9,2020-02-29 21:29:42,6.06467500986928
9,2020-02-29 22:00:50,5.14405259002269
9,2020-02-29 22:29:23,4.69106934835897
9,2020-02-29 23:00:27,3.4302221592942
9,2020-02-29 23:30:10,2.55705228276963
9,2020-02-29 23:59:40,4.5506712886048
9,2020-03-01 00:29:57,5.46171710505177
9,2020-03-01 00:59:48,7.14282683258345
9,2020-03-01 01:30:13,4.44148817415429
9,2020-03-01 01:59:53,5.96992300844366
9,2020-03-01 02:30:01,7.51938205664285
9,2020-03-01 03:00:37,5.29404471174006
9,2020-03-01 03:30:51,7.000880684273
9,2020-03-01 04:00:40,5.09423306222484
9,2020-03-01 04:30:26,4.02122792153232
9,2020-03-01 04:59:31,4.98853929526665
9,2020-03-01 05:28:46,4.58665559217348
9,2020-03-01 06:00:26,5.05822083566545
9,2020-03-01 06:30:00,4.69098204804996
9,2020-03-01 06:59:47,7.24886767396593
9,2020-03-01 07:29:22,6.18942086956787
9,2020-03-01 07:59:44,6.91660921584378
9,2020-03-01 08:30:16,8.20106517911079
9,2020-03-01 09:00:49,7.00989134160287
9,2020-03-01 09:28:53,7.81839748671517
9,2020-03-01 09:58:58,6.45591558403205
9,2020-03-01 10:30:07,4.99261028470567
9,2020-03-01 11:00:02,4.78337072108197
9,2020-03-01 11:30:11,5.95191540468343
9,2020-03-01 12:00:49,3.04337646254752
9,2020-03-01 12:30:11,4.87932446834774
9,2020-03-01 13:00:05,5.73592450486435
9,2020-03-01 13:29:29,5.3993243714126
9,2020-03-01 14:00:12,6.49469060830582
9,2020-03-01 14:29:42,6.91214439816841
9,2020-03-01 15:01:13,7.99323195063605
9,2020-03-01 15:29:54,9.50239478053732
9,2020-03-01 15:59:51,6.16676545108991
9,2020-03-01 16:29:15,8.86270770302844
9,2020-03-01 17:00:17,7.12555835228908
9,2020-03-01 17:30:35,5.31271290147072
9,2020-03-01 17:59:51,6.03046383818594
9,2020-03-01 18:29:23,3.74825411850872
9,2020-03-01 18:59:18,5.30862885359158
9,2020-03-01 19:30:19,5.61792720166388
9,2020-03-01 20:00:22,8.29262140076145
9,2020-03-01 20:30:23,7.74709118480173
9,2020-03-01 21:00:17,7.54529141004444
9,2020-03-01 21:29:34,8.36112986059901
9,2020-03-01 21:59:50,8.11450858094066
9,2020-03-01 22:30:13,6.67018176463157
9,2020-03-01 23:00:07,6.55285470676562
9,2020-03-01 23:30:11,7.24616255376335
9,2020-03-01 23:59:38,7.49948379685721
9,2020-03-02 00:29:58,5.79748388887942
9,2020-03-02 01:01:11,7.02236496822244
9,2020-03-02 01:28:59,5.89428359640076
9,2020-03-02 01:59:50,7.75861845176016
9,2020-03-02 02:30:14,8.17234759009194
9,2020-03-02 02:59:03,8.10599785658093
9,2020-03-02 03:30:07,9.21295626946537
9,2020-03-02 04:00:08,7.4111402553081
9,2020-03-02 04:29:32,6.75894353224408
9,2020-03-02 04:59:25,8.13139706003814
9,2020-03-02 05:30:02,8.38702407755088
9,2020-03-02 06:00:48,6.43517915556836
9,2020-03-02 06:30:04,6.6290606013768
9,2020-03-02 06:59:44,8.08461723631036
9,2020-03-02 07:30:37,9.0472636188671
9,2020-03-02 07:59:37,8.039729936012
9,2020-03-02 08:30:11,7.13091906940412
9,2020-03-02 09:00:09,8.72803151794846
9,2020-03-02 09:30:12,10.2965847423189
9,2020-03-02 10:01:15,10.0774071897283
9,2020-03-02 10:29:54,9.16682069898659
9,2020-03-02 10:59:52,10.0040906161346
9,2020-03-02 11:29:17,8.60073902901087
9,2020-03-02 11:59:58,8.16258456009059
9,2020-03-02 12:29:50,6.59151748963241
9,2020-03-02 12:59:28,6.58005754062969
9,2020-03-02 13:29:44,8.09153153396431
9,2020-03-02 14:00:21,8.98114786069718
9,2020-03-02 14:30:09,9.36608917602393
9,2020-03-02 15:00:13,9.74359067869938
9,2020-03-02 15:30:02,8.8777640305406
9,2020-03-02 16:00:53,11.4379085359239
9,2020-03-02 16:30:21,8.78104719644193
9,2020-03-02 16:59:58,10.2843289362123
9,2020-03-02 17:29:57,9.84156585005974
9,2020-03-02 17:59:46,9.54141460840882
9,2020-03-02 18:30:15,9.13510903689026
9,2020-03-02 18:59:20,9.40623533791773
9,2020-03-02 19:30:47,7.94806396173025
9,2020-03-02 20:00:09,9.6688205999522
9,2020-03-02 20:30:47,8.42215263891181
9,2020-03-02 20:59:44,8.49548377697811
9,2020-03-02 21:29:24,10.2910836509802
9,2020-03-02 21:59:21,10.6797760830578
9,2020-03-02 22:29:07,11.7368894940133
9,2020-03-02 23:00:43,10.6552178926788
9,2020-03-02 23:29:36,10.3926824329923
9,2020-03-02 23:59:45,9.87161296762042
9,2020-03-03 00:29:25,9.55539981151289
9,2020-03-03 01:00:12,9.11805569139186
9,2020-03-03 01:30:20,6.97709744580183
9,2020-03-03 02:00:42,8.85527892234322
9,2020-03-03 02:29:56,8.23842084713477
9,2020-03-03 03:00:00,11.7431426750449
9,2020-03-03 03:29:57,9.58781921135957
9,2020-03-03 03:59:00,10.0611666938453
9,2020-03-03 04:29:58,12.7391266483023
9,2020-03-03 04:59:32,11.8494856058361
9,2020-03-03 05:30:38,11.5432848154237
9,2020-03-03 05:59:49,10.4432236037506
9,2020-03-03 06:29:54,11.3044279023193
9,2020-03-03 06:59:34,9.81578145266177
9,2020-03-03 07:29:37,9.43415920679532
9,2020-03-03 08:00:14,8.62720998539704
9,2020-03-03 08:29:25,9.98180735360137
9,2020-03-03 09:00:22,12.9788005604048
9,2020-03-03 09:30:05,9.94167625235424
9,2020-03-03 09:59:09,9.88300454847068
9,2020-03-03 10:30:28,13.2107546932517
9,2020-03-03 10:59:57,11.3842893497217
9,2020-03-03 11:29:46,13.3881995388405
9,2020-03-03 12:00:17,12.7077239839964
10,2020-02-29 11:59:47,4.42114717303733
10,2020-02-29 12:29:46,3.16989142567301
10,2020-02-29 13:00:38,4.82860774537892
10,2020-02-29 13:29:49,5.91090538051716
10,2020-02-29 13:59:57,4.94616843694047
10,2020-02-29 14:30:06,6.01405632052099
10,2020-02-29 15:01:02,4.0964441441398
10,2020-02-29 15:29:56,5.07264313584069
10,2020-02-29 16:00:34,4.37247513890173
10,2020-02-29 16:29:29,3.53080554335466
10,2020-02-29 17:00:28,4.06648817360322
10,2020-02-29 17:29:29,3.6103110518826
10,2020-02-29 17:59:58,3.81042406037696
10,2020-02-29 18:29:17,4.98886712073459
10,2020-02-29 18:59:21,5.15880388907957
10,2020-02-29 19:29:49,6.27195191703283
10,2020-02-29 20:00:11,5.8844909510788
10,2020-02-29 20:29:46,6.64297391340645
10,2020-02-29 20:59:45,5.7399849728514
10,2020-02-29 21:29:24,5.02155059907667
10,2020-02-29 21:59:58,2.51603873432037
10,2020-02-29 22:29:21,6.06019107073451
10,2020-02-29 22:59:30,5.4776856402553
10,2020-02-29 23:29:37,4.23630499265946
10,2020-03-01 00:00:15,4.67438892479857
10,2020-03-01 00:29:14,5.94002870074534
10,2020-03-01 01:00:03,5.80968026458939
10,2020-03-01 01:30:01,5.82735585339372
10,2020-03-01 02:00:05,6.69833414690549
10,2020-03-01 02:30:37,6.68328647411182
10,2020-03-01 03:01:01,6.71868637102664
10,2020-03-01 03:30:27,6.13956335549779
10,2020-03-01 04:00:00,5.16230696354153
10,2020-03-01 04:29:57,5.36688946780753
10,2020-03-01 04:59:55,3.70743801622298
10,2020-03-01 05:31:17,3.33405664701865
10,2020-03-01 05:59:46,5.48150417938154
10,2020-03-01 06:29:06,6.17018353387697
10,2020-03-01 07:00:10,4.90656095375201
10,2020-03-01 07:29:49,4.49080204522918
10,2020-03-01 08:00:07,5.11380879896176
10,2020-03-01 08:29:43,8.27161101949766
10,2020-03-01 08:59:17,7.56773983359727
10,2020-03-01 09:30:37,6.17967428159004
10,2020-03-01 09:59:11,7.6707543750333
10,2020-03-01 10:29:51,7.61196550429445
10,2020-03-01 11:00:34,6.1399148511237
10,2020-03-01 11:29:53,4.6267650396344
10,2020-03-01 11:59:49,3.71540744711255
10,2020-03-01 12:30:17,8.31050591401575
10,2020-03-01 12:59:58,8.32671240607926
10,2020-03-01 13:29:54,6.56117309537245
10,2020-03-01 13:59:43,8.1458359607818
10,2020-03-01 14:29:54,8.91211377787658
10,2020-03-01 14:59:43,7.19589036242779
10,2020-03-01 15:29:41,7.09561350727344
10,2020-03-01 16:00:02,7.75166442632505
10,2020-03-01 16:30:01,5.9417962455701
10,2020-03-01 16:59:21,6.75862509387335
10,2020-03-01 17:30:56,5.24188627960864
10,2020-03-01 17:59:35,6.24856387776735
10,2020-03-01 18:30:46,5.41044642706905
10,2020-03-01 19:01:03,5.90877987570345
10,2020-03-01 19:29:45,5.89919342436593
10,2020-03-01 20:00:30,7.97827868480899
10,2020-03-01 20:30:04,8.10874619508468
10,2020-03-01 21:00:30,8.42148417492772
10,2020-03-01 21:29:39,8.92999283665889
10,2020-03-01 21:58:58,6.33282417629716
10,2020-03-01 22:29:12,7.84323314035955
10,2020-03-01 23:00:22,7.78408778635763
10,2020-03-01 23:30:12,6.99076243799259
10,2020-03-02 00:00:30,7.05262144347947
10,2020-03-02 00:30:31,6.94166527933401
10,2020-03-02 01:00:11,7.76179641988718
10,2020-03-02 01:29:54,7.67982276854326
10,2020-03-02 02:00:45,9.49972647738991
10,2020-03-02 02:29:52,7.13154928922982
10,2020-03-02 02:59:40,7.81469446147127
10,2020-03-02 03:30:19,7.31790357303392
10,2020-03-02 03:59:55,9.06154007723233
10,2020-03-02 04:29:24,9.27598882363382
10,2020-03-02 04:59:17,8.53789751522362
10,2020-03-02 05:30:09,8.59742227622077
10,2020-03-02 05:59:59,7.35543929645001
10,2020-03-02 06:30:49,5.46059118305192
10,2020-03-02 07:00:50,6.50024976540491
10,2020-03-02 07:29:56,8.01962726245198
10,2020-03-02 08:00:12,8.60118744204748
10,2020-03-02 08:30:07,7.36840457275266
10,2020-03-02 09:00:08,9.25285062252762
10,2020-03-02 09:30:48,9.10780531494903
10,2020-03-02 10:00:13,8.07467699469687
10,2020-03-02 10:30:41,9.85204452717326
10,2020-03-02 10:59:24,9.69620768954056
10,2020-03-02 11:30:29,8.97351187002626
10,2020-03-02 11:59:43,7.71105610737594
10,2020-03-02 12:30:04,8.66769323654493
10,2020-03-02 13:00:50,6.90751958652308
10,2020-03-02 13:29:53,7.94140291070456
10,2020-03-02 13:59:47,7.17388443872818
10,2020-03-02 14:30:52,8.41313596982072
10,2020-03-02 15:00:22,11.1396168453887
10,2020-03-02 15:30:55,8.40360587867497
10,2020-03-02 16:00:02,10.8281790234497
10,2020-03-02 16:30:17,11.7819214595125
10,2020-03-02 17:00:53,10.3872939911455
10,2020-03-02 17:29:38,8.79548045628656
10,2020-03-02 17:59:08,10.7734608102433
10,2020-03-02 18:29:53,6.76321851980357
10,2020-03-02 19:00:05,8.81815617177682
10,2020-03-02 19:29:00,9.02753314489018
10,2020-03-02 19:59:13,8.48653684778754
10,2020-03-02 20:29:55,9.76124219011555
10,2020-03-02 21:00:09,10.8766382083575
10,2020-03-02 21:29:35,10.2413466210588
10,2020-03-02 22:00:44,9.84052153674925
10,2020-03-02 22:29:37,10.3479117726087
10,2020-03-02 22:58:54,10.8913622970293
10,2020-03-02 23:30:11,11.0290845602896
10,2020-03-03 00:00:09,9.83201299784595
10,2020-03-03 00:29:12,7.75512017722678
10,2020-03-03 01:00:11,10.0242618555708
10,2020-03-03 01:30:30,9.16254042707087
10,2020-03-03 02:00:12,8.71688080649967
10,2020-03-03 02:30:02,8.84907707432047
10,2020-03-03 03:00:34,9.8194297355825
10,2020-03-03 03:29:58,9.61517740793851
10,2020-03-03 03:59:49,11.1051330949369
10,2020-03-03 04:30:27,11.0860777371849
10,2020-03-03 05:00:00,8.99757521663257
10,2020-03-03 05:30:11,12.920942718344
10,2020-03-03 05:59:08,10.7753280462963
10,2020-03-03 06:29:47,10.6351353438739
10,2020-03-03 07:00:09,9.52710356575528
10,2020-03-03 07:30:12,10.0365949849014
10,2020-03-03 08:00:14,10.899931045569
10,2020-03-03 08:30:19,12.6110317383175
10,2020-03-03 08:59:24,11.6088318124352
10,2020-03-03 09:29:43,9.49589449705265
10,2020-03-03 09:59:52,12.4637041054595
10,2020-03-03 10:30:19,10.6631666932241
10,2020-03-03 10:59:52,10.2074821871965
10,2020-03-03 11:29:39,11.324342125164
10,2020-03-03 11:59:59,10.5892671454425
